[{"ekatte":"00357","t_v_m":"\u0433\u0440.","name":"\u041d\u043e\u0432\u0438 \u0418\u0441\u043a\u044a\u0440","raion":"68134-21","kind":1,"document":2001,"name_en":"Novi Iskar"},{"ekatte":"02511","t_v_m":"\u0441.","name":"\u0411\u0430\u043b\u0448\u0430","raion":"68134-21","kind":3,"document":2001,"name_en":"Balsha"},{"ekatte":"02659","t_v_m":"\u0433\u0440.","name":"\u0411\u0430\u043d\u043a\u044f","raion":"68134-24","kind":1,"document":2001,"name_en":"Bankya"},{"ekatte":"04234","t_v_m":"\u0441.","name":"\u0411\u0438\u0441\u0442\u0440\u0438\u0446\u0430","raion":"68134-23","kind":3,"document":2001,"name_en":"Bistritsa"},{"ekatte":"07106","t_v_m":"\u0441.","name":"\u0411\u0443\u0441\u043c\u0430\u043d\u0446\u0438","raion":"68134-14","kind":3,"document":2001,"name_en":"Busmantsi"},{"ekatte":"07140","t_v_m":"\u0433\u0440.","name":"\u0411\u0443\u0445\u043e\u0432\u043e","raion":"68134-22","kind":1,"document":2001,"name_en":"Buhovo"},{"ekatte":"11394","t_v_m":"\u0441.","name":"\u0412\u043b\u0430\u0434\u0430\u044f","raion":"68134-17","kind":3,"document":2001,"name_en":"Vladaya"},{"ekatte":"11884","t_v_m":"\u0441.","name":"\u0412\u043e\u0439\u043d\u0435\u0433\u043e\u0432\u0446\u0438","raion":"68134-21","kind":3,"document":2001,"name_en":"Voynegovtsi"},{"ekatte":"12084","t_v_m":"\u0441.","name":"\u0412\u043e\u043b\u0443\u044f\u043a","raion":"68134-20","kind":3,"document":2001,"name_en":"Voluyak"},{"ekatte":"14831","t_v_m":"\u0441.","name":"\u0413\u0435\u0440\u043c\u0430\u043d","raion":"68134-23","kind":3,"document":2001,"name_en":"German"},{"ekatte":"16448","t_v_m":"\u0441.","name":"\u0413\u043e\u0440\u043d\u0438 \u0411\u043e\u0433\u0440\u043e\u0432","raion":"68134-22","kind":3,"document":2001,"name_en":"Gorni Bogrov"},{"ekatte":"21662","t_v_m":"\u0441.","name":"\u0414\u043e\u0431\u0440\u043e\u0441\u043b\u0430\u0432\u0446\u0438","raion":"68134-21","kind":3,"document":2001,"name_en":"Dobroslavtsi"},{"ekatte":"22304","t_v_m":"\u0441.","name":"\u0414\u043e\u043b\u043d\u0438 \u0411\u043e\u0433\u0440\u043e\u0432","raion":"68134-22","kind":3,"document":2001,"name_en":"Dolni Bogrov"},{"ekatte":"22472","t_v_m":"\u0441.","name":"\u0414\u043e\u043b\u043d\u0438 \u041f\u0430\u0441\u0430\u0440\u0435\u043b","raion":"68134-23","kind":3,"document":2001,"name_en":"Dolni Pasarel"},{"ekatte":"29150","t_v_m":"\u0441.","name":"\u0416\u0435\u043b\u0435\u0437\u043d\u0438\u0446\u0430","raion":"68134-23","kind":3,"document":2001,"name_en":"Zheleznitsa"},{"ekatte":"29204","t_v_m":"\u0441.","name":"\u0416\u0435\u043b\u044f\u0432\u0430","raion":"68134-22","kind":3,"document":2001,"name_en":"Zhelyava"},{"ekatte":"29430","t_v_m":"\u0441.","name":"\u0416\u0438\u0442\u0435\u043d","raion":"68134-21","kind":3,"document":2001,"name_en":"Zhiten"},{"ekatte":"32216","t_v_m":"\u0441.","name":"\u0418\u0432\u0430\u043d\u044f\u043d\u0435","raion":"68134-24","kind":3,"document":2001,"name_en":"Ivanyane"},{"ekatte":"35239","t_v_m":"\u0441.","name":"\u041a\u0430\u0437\u0438\u0447\u0435\u043d\u0435","raion":"68134-23","kind":3,"document":2001,"name_en":"Kazichene"},{"ekatte":"37280","t_v_m":"\u0441.","name":"\u041a\u043b\u0438\u0441\u0443\u0440\u0430","raion":"68134-24","kind":3,"document":2001,"name_en":"Klisura"},{"ekatte":"37914","t_v_m":"\u0441.","name":"\u041a\u043e\u043a\u0430\u043b\u044f\u043d\u0435","raion":"68134-23","kind":3,"document":2001,"name_en":"Kokalyane"},{"ekatte":"39791","t_v_m":"\u0441.","name":"\u041a\u0440\u0438\u0432\u0438\u043d\u0430","raion":"68134-23","kind":3,"document":2001,"name_en":"Krivina"},{"ekatte":"40436","t_v_m":"\u0441.","name":"\u041a\u0443\u0431\u0440\u0430\u0442\u043e\u0432\u043e","raion":"68134-21","kind":3,"document":2001,"name_en":"Kubratovo"},{"ekatte":"41010","t_v_m":"\u0441.","name":"\u041a\u044a\u0442\u0438\u043d\u0430","raion":"68134-21","kind":3,"document":2001,"name_en":"Katina"},{"ekatte":"44063","t_v_m":"\u0441.","name":"\u041b\u043e\u0437\u0435\u043d","raion":"68134-23","kind":3,"document":2001,"name_en":"Lozen"},{"ekatte":"44224","t_v_m":"\u0441.","name":"\u041b\u043e\u043a\u043e\u0440\u0441\u043a\u043e","raion":"68134-21","kind":3,"document":2001,"name_en":"Lokorsko"},{"ekatte":"46721","t_v_m":"\u0441.","name":"\u041c\u0430\u043b\u043e \u0411\u0443\u0447\u0438\u043d\u043e","raion":"68134-18","kind":3,"document":2001,"name_en":"Malo Buchino"},{"ekatte":"48393","t_v_m":"\u0441.","name":"\u041c\u0438\u0440\u043e\u0432\u044f\u043d\u0435","raion":"68134-21","kind":3,"document":2001,"name_en":"Mirovyane"},{"ekatte":"49206","t_v_m":"\u0441.","name":"\u041c\u0440\u0430\u043c\u043e\u0440","raion":"68134-21","kind":3,"document":2001,"name_en":"Mramor"},{"ekatte":"49597","t_v_m":"\u0441.","name":"\u041c\u044a\u0440\u0447\u0430\u0435\u0432\u043e","raion":"68134-17","kind":3,"document":2001,"name_en":"Marchaevo"},{"ekatte":"51250","t_v_m":"\u0441.","name":"\u041d\u0435\u0433\u043e\u0432\u0430\u043d","raion":"68134-21","kind":3,"document":2001,"name_en":"Negovan"},{"ekatte":"55419","t_v_m":"\u0441.","name":"\u041f\u0430\u043d\u0447\u0430\u0440\u0435\u0432\u043e","raion":"68134-23","kind":3,"document":2001,"name_en":"Pancharevo"},{"ekatte":"56624","t_v_m":"\u0441.","name":"\u041f\u043b\u0430\u043d\u0430","raion":"68134-23","kind":3,"document":2001,"name_en":"Plana"},{"ekatte":"57011","t_v_m":"\u0441.","name":"\u041f\u043e\u0434\u0433\u0443\u043c\u0435\u0440","raion":"68134-21","kind":3,"document":2001,"name_en":"Podgumer"},{"ekatte":"65601","t_v_m":"\u0441.","name":"\u0421\u0432\u0435\u0442\u043e\u0432\u0440\u0430\u0447\u0435\u043d\u0435","raion":"68134-21","kind":3,"document":2001,"name_en":"Svetovrachene"},{"ekatte":"80409","t_v_m":"\u0441.","name":"\u0427\u0435\u043f\u0438\u043d\u0446\u0438","raion":"68134-21","kind":3,"document":2001,"name_en":"Chepintsi"},{"ekatte":"87401","t_v_m":"\u0441.","name":"\u042f\u043d\u0430","raion":"68134-22","kind":3,"document":2001,"name_en":"Yana"},{"\u0414\u0430\u0442\u0430 \u0438 \u0447\u0430\u0441 \u043d\u0430 \u0438\u0437\u0433\u043e\u0442\u0432\u044f\u043d\u0435 \u043d\u0430 \u0441\u043f\u0440\u0430\u0432\u043a\u0430\u0442\u0430":"31\/01\/2023 18:10","\u0414\u0430\u043d\u043d\u0438\u0442\u0435 \u0441\u0430 \u0430\u043a\u0442\u0443\u0430\u043b\u043d\u0438 \u043a\u044a\u043c":"05\/10\/2022"}]